"Id","Position","First Name","Nickname","Last Name","FPPG","Played","Salary","Game","Team","Opponent","Injury Indicator","Injury Details","Tier","Probable Pitcher","Batting Order"
"34071-52859","P","Jacob","Jacob deGrom","deGrom","58","1","11700","NYM@MIA","NYM","MIA","","","","",""
"34071-5202","P","Justin","Justin Verlander","Verlander","55","1","11500","HOU@TEX","HOU","TEX","","","","",""
"34071-16956","P","Gerrit","Gerrit Cole","Cole","49","1","11300","HOU@TEX","HOU","TEX","","","","",""
"34071-12477","P","Chris","Chris Sale","Sale","0","1","10700","BOS@OAK","BOS","OAK","","","","",""
"34071-68488","P","Blake","Blake Snell","Snell","12","1","10200","COL@TAM","TAM","COL","","","","",""
"34071-52172","P","Noah","Noah Syndergaard","Syndergaard","27","1","10000","NYM@MIA","NYM","MIA","","","","",""
"34071-73880","P","German","German Marquez","Marquez","46","1","9800","COL@TAM","COL","TAM","","","","",""
"34071-5427","P","Clayton","Clayton Kershaw","Kershaw","34.666666666666664","27","9800","SFG@LOS","LOS","SFG","IL","Shoulder","","",""
"34071-79168","P","Walker","Walker Buehler","Buehler","35.208333333333336","24","9700","SFG@LOS","LOS","SFG","","","","",""
"34071-6311","P","Madison","Madison Bumgarner","Bumgarner","46","1","9400","SFG@LOS","SFG","LOS","","","","",""
"34071-60632","P","Kyle","Kyle Freeland","Freeland","43","1","9300","COL@TAM","COL","TAM","","","","",""
"34071-5784","P","David","David Price","Price","33.9","30","9300","BOS@OAK","BOS","OAK","DTD","Illness","","Yes",""
"34071-38272","P","Mike","Mike Foltynewicz","Foltynewicz","35.70967741935484","31","9100","CHC@ATL","ATL","CHC","IL","Elbow","","",""
"34071-16960","P","Zack","Zack Wheeler","Wheeler","35.41379310344828","29","9100","NYM@MIA","NYM","MIA","","","","",""
"34071-53398","P","Kyle","Kyle Hendricks","Hendricks","30.424242424242426","33","9000","CHC@ATL","CHC","ATL","","","","Yes",""
"34071-5522","P","Zack","Zack Greinke","Greinke","-1","1","8900","ARI@SDP","ARI","SDP","","","","",""
"34071-52142","P","Eduardo","Eduardo Rodriguez","Rodriguez","13","1","8900","BOS@OAK","BOS","OAK","","","","",""
"34071-5983","P","Rich","Rich Hill","Hill","31.68","25","8800","SFG@LOS","LOS","SFG","IL","Knee","","",""
"34071-37014","P","Hyun-Jin","Hyun-Jin Ryu","Ryu","24.5","2","8700","SFG@LOS","LOS","SFG","","","","",""
"34071-16931","P","Yu","Yu Darvish","Darvish","11","1","8600","CHC@ATL","CHC","ATL","","","","",""
"34071-52167","P","Andrew","Andrew Heaney","Heaney","31.766666666666666","30","8600","LAA@SEA","LAA","SEA","IL","Elbow","","",""
"34071-5466","P","Charlie","Charlie Morton","Morton","39","1","8500","COL@TAM","TAM","COL","","","","",""
"34071-5659","P","Rick","Rick Porcello","Porcello","31.424242424242426","33","8400","BOS@OAK","BOS","OAK","","","","",""
"34071-53029","P","Robbie","Robbie Ray","Ray","33","1","8400","ARI@SDP","ARI","SDP","","","","",""
"34071-5197","P","Clay","Clay Buchholz","Buchholz","32.588235294117645","17","8300","BAL@TOR","TOR","BAL","IL","Elbow","","",""
"34071-5525","P","Cole","Cole Hamels","Hamels","31.6875","32","8300","CHC@ATL","CHC","ATL","","","","",""
"34071-38311","P","Ross","Ross Stripling","Stripling","31","1","8200","SFG@LOS","LOS","SFG","","","","",""
"34071-68452","P","Kenta","Kenta Maeda","Maeda","39","1","8200","SFG@LOS","LOS","SFG","","","","",""
"34071-52174","P","Steven","Steven Matz","Matz","26.4","30","8200","NYM@MIA","NYM","MIA","","","","Yes",""
"34071-38246","P","Tyler","Tyler Anderson","Anderson","9","1","8000","COL@TAM","COL","TAM","","","","",""
"34071-13233","P","Nathan","Nathan Eovaldi","Eovaldi","6","1","8000","BOS@OAK","BOS","OAK","","","","",""
"34071-63827","P","Zack","Zack Godley","Godley","4","1","7900","ARI@SDP","ARI","SDP","","","","",""
"34071-52155","P","Jon","Jon Gray","Gray","28.903225806451612","31","7900","COL@TAM","COL","TAM","DTD","Undisclosed","","",""
"34071-13872","P","Tyler","Tyler Skaggs","Skaggs","28.625","24","7800","LAA@SEA","LAA","SEA","","","","",""
"34071-60637","P","Sean","Sean Newcomb","Newcomb","28.870967741935484","31","7700","CHC@ATL","ATL","CHC","","","","Yes",""
"34071-5369","P","Jon","Jon Lester","Lester","31","1","7700","CHC@ATL","CHC","ATL","","","","",""
"34071-84431","P","Dereck","Dereck Rodriguez","Rodriguez","21","1","7700","SFG@LOS","SFG","LOS","","","","",""
"34071-13444","P","Mike","Mike Fiers","Fiers","18.5","2","7600","BOS@OAK","OAK","BOS","","","","",""
"34071-79224","P","Chris","Chris Paddack","Paddack","0","0","7600","ARI@SDP","SDP","ARI","","","","",""
"34071-85599","P","Framber","Framber Valdez","Valdez","26.25","8","7600","HOU@TEX","HOU","TEX","","","","",""
"34071-12918","P","Julio","Julio Teheran","Teheran","27","1","7600","CHC@ATL","ATL","CHC","","","","",""
"34071-82636","P","Joey","Joey Lucchesi","Lucchesi","43","1","7600","ARI@SDP","SDP","ARI","","","","",""
"34071-15234","P","Brad","Brad Peacock","Peacock","6.983606557377049","61","7600","HOU@TEX","HOU","TEX","","","","Yes",""
"34071-52183","P","Tyler","Tyler Glasnow","Glasnow","30","1","7600","COL@TAM","TAM","COL","","","","",""
"34071-23834","P","Collin","Collin McHugh","McHugh","36","1","7500","HOU@TEX","HOU","TEX","","","","",""
"34071-16922","P","Wei-Yin","Wei-Yin Chen","Chen","22.074074074074073","27","7500","NYM@MIA","MIA","NYM","","","","",""
"34071-52190","P","Marco","Marco Gonzales","Gonzales","28","2","7500","LAA@SEA","SEA","LAA","","","","",""
"34071-38000","P","Kevin","Kevin Gausman","Gausman","27.46875","32","7400","CHC@ATL","ATL","CHC","IL","Shoulder","","",""
"34071-81051","P","Caleb","Caleb Smith","Smith","27.375","16","7400","NYM@MIA","MIA","NYM","","","","Yes",""
"34071-85531","P","Josh","Josh James","James","6","1","7400","HOU@TEX","HOU","TEX","","","","",""
"34071-21099","P","Jose","Jose Quintana","Quintana","30","1","7400","CHC@ATL","CHC","ATL","","","","",""
"34071-79226","P","Eric","Eric Lauer","Lauer","37","1","7300","ARI@SDP","SDP","ARI","","","","",""
"34071-5599","P","Trevor","Trevor Cahill","Cahill","15","1","7300","LAA@SEA","LAA","SEA","","","","",""
"34071-5764","P","Derek","Derek Holland","Holland","18","1","7300","SFG@LOS","SFG","LOS","","","","",""
"34071-5796","P","Clayton","Clayton Richard","Richard","21.714285714285715","28","7300","BAL@TOR","TOR","BAL","DTD","Knee","","",""
"34071-82653","P","Ryan","Ryan Borucki","Borucki","25.647058823529413","17","7300","BAL@TOR","TOR","BAL","IL","Elbow","","",""
"34071-53396","P","Nick","Nick Tropeano","Tropeano","24.714285714285715","14","7200","LAA@SEA","LAA","SEA","IL","Shoulder","","",""
"34071-52166","P","Julio","Julio Urias","Urias","11","3","7200","SFG@LOS","LOS","SFG","","","","Yes",""
"34071-82935","P","Trevor","Trevor Richards","Richards","31","1","7200","NYM@MIA","MIA","NYM","","","","",""
"34071-39041","P","Marcus","Marcus Stroman","Stroman","46","1","7100","BAL@TOR","TOR","BAL","","","","",""
"34071-52194","P","Aaron","Aaron Sanchez","Sanchez","39","1","7100","BAL@TOR","TOR","BAL","","","","",""
"34071-12972","P","Wade","Wade Miley","Miley","23.5625","16","7000","HOU@TEX","HOU","TEX","","","","",""
"34071-17164","P","Matt","Matt Shoemaker","Shoemaker","52","1","7000","BAL@TOR","TOR","BAL","","","","",""
"34071-82840","P","Yonny","Yonny Chirinos","Chirinos","23.5","18","7000","COL@TAM","TAM","COL","","","","",""
"34071-68529","P","Jharel","Jharel Cotton","Cotton","0","0","7000","BOS@OAK","OAK","BOS","IL","Elbow","","",""
"34071-11339","P","Mike","Mike Leake","Leake","43","1","6900","LAA@SEA","SEA","LAA","","","","",""
"34071-11354","P","Lance","Lance Lynn","Lynn","25.93548387096774","31","6900","HOU@TEX","TEX","HOU","","","","",""
"34071-12481","P","Mike","Mike Minor","Minor","5","1","6900","HOU@TEX","TEX","HOU","","","","",""
"34071-102001","P","Yusei","Yusei Kikuchi","Kikuchi","25.5","2","6900","LAA@SEA","SEA","LAA","","","","",""
"34071-5661","P","Felix","Felix Hernandez","Hernandez","21.862068965517242","29","6800","LAA@SEA","SEA","LAA","","","","Yes",""
"34071-16957","P","Dylan","Dylan Bundy","Bundy","27.838709677419356","31","6800","BAL@TOR","BAL","TOR","","","","",""
"34071-6018","P","Wade","Wade LeBlanc","LeBlanc","24.03125","32","6800","LAA@SEA","SEA","LAA","","","","",""
"34071-63781","P","Frankie","Frankie Montas","Montas","22.307692307692307","13","6700","BOS@OAK","OAK","BOS","","","","",""
"34071-5416","P","Brett","Brett Anderson","Anderson","40","1","6700","BOS@OAK","OAK","BOS","","","","",""
"34071-53608","P","Jose","Jose Urena","Urena","5","1","6700","NYM@MIA","MIA","NYM","DTD","Knee","","",""
"34071-70624","P","Chris","Chris Stratton","Stratton","22.607142857142858","28","6700","LAA@SEA","LAA","SEA","","","","Yes",""
"34071-53067","P","Chris","Chris Bassitt","Bassitt","21.636363636363637","11","6600","BOS@OAK","OAK","BOS","IL","Lower leg","","",""
"34071-68561","P","Luke","Luke Weaver","Weaver","18.264705882352942","34","6600","ARI@SDP","ARI","SDP","","","","",""
"34071-83152","P","Pablo","Pablo Lopez","Lopez","34","1","6500","NYM@MIA","MIA","NYM","","","","",""
"34071-79245","P","Sandy","Sandy Alcantara","Alcantara","29.5","6","6400","NYM@MIA","MIA","NYM","","","","",""
"34071-72265","P","Matt","Matt Strahm","Strahm","8.951219512195122","41","6400","ARI@SDP","SDP","ARI","","","","Yes",""
"34071-73363","P","Felix","Felix Pena","Pena","8","1","6400","LAA@SEA","LAA","SEA","","","","",""
"34071-17074","P","Matt","Matt Harvey","Harvey","19","1","6400","LAA@SEA","LAA","SEA","","","","",""
"34071-6206","P","Edinson","Edinson Volquez","Volquez","9","1","6300","HOU@TEX","TEX","HOU","","","","",""
"34071-6149","P","Jeff","Jeff Samardzija","Samardzija","14.1","10","6200","SFG@LOS","SFG","LOS","","","","",""
"34071-13123","P","Alex","Alex Cobb","Cobb","21.571428571428573","28","6200","BAL@TOR","BAL","TOR","IL","Groin","","",""
"34071-68485","P","Ryan","Ryan Yarbrough","Yarbrough","19.210526315789473","38","6200","COL@TAM","TAM","COL","","","","",""
"34071-6200","P","Jason","Jason Vargas","Vargas","19.476190476190474","21","6100","NYM@MIA","NYM","MIA","","","","",""
"34071-82535","P","Kyle","Kyle Wright","Wright","6","4","6100","CHC@ATL","ATL","CHC","","","","",""
"34071-17087","P","Drew","Drew Smyly","Smyly","0","0","6100","HOU@TEX","TEX","HOU","","","","Yes",""
"34071-101855","P","Trent","Trent Thornton","Thornton","0","0","6000","BAL@TOR","TOR","BAL","","","","",""
"34071-17124","P","Chad","Chad Bettis","Bettis","16.962962962962962","27","6000","COL@TAM","COL","TAM","DTD","Neck","","Yes",""
"34071-103218","P","Nick","Nick Margevicius","Margevicius","27","1","6000","ARI@SDP","SDP","ARI","","","","",""
"34071-6320","P","Marco","Marco Estrada","Estrada","20","2","5900","BOS@OAK","OAK","BOS","","","","",""
"34071-79066","P","Anthony","Anthony Banda","Banda","20.666666666666668","3","5900","COL@TAM","TAM","COL","IL","Elbow","","",""
"34071-80344","P","Sam","Sam Gaviglio","Gaviglio","19.26923076923077","26","5900","BAL@TOR","TOR","BAL","","","","",""
"34071-101881","P","Merrill","Merrill Kelly","Kelly","0","0","5800","ARI@SDP","ARI","SDP","","","","Yes",""
"34071-17118","P","Robbie","Robbie Erlin","Erlin","12","1","5800","ARI@SDP","SDP","ARI","","","","",""
"34071-11321","P","Mike","Mike Montgomery","Montgomery","-2","1","5700","CHC@ATL","CHC","ATL","","","","",""
"34071-83170","P","Thomas","Thomas Pannone","Pannone","16.333333333333332","12","5700","BAL@TOR","TOR","BAL","","","","",""
"34071-38148","P","Steven","Steven Wright","Wright","13.45","20","5700","BOS@OAK","BOS","OAK","DTD","Suspension","","",""
"34071-12934","P","Tyler","Tyler Chatwood","Chatwood","16.76","25","5700","CHC@ATL","CHC","ATL","","","","",""
"34071-68493","P","David","David Hess","Hess","12","1","5700","BAL@TOR","BAL","TOR","","","","Yes",""
"34071-68517","P","Antonio","Antonio Senzatela","Senzatela","17.304347826086957","23","5700","COL@TAM","COL","TAM","IL","Foot","","",""
"34071-12269","P","Andrew","Andrew Cashner","Cashner","3","1","5700","BAL@TOR","BAL","TOR","","","","",""
"34071-13438","P","Drew","Drew Pomeranz","Pomeranz","11.153846153846153","26","5600","SFG@LOS","SFG","LOS","","","","Yes",""
"34071-38183","P","Nate","Nate Karns","Karns","9","1","5600","BAL@TOR","BAL","TOR","","","","",""
"34071-13312","P","Ryan","Ryan Brasier","Brasier","5.352941176470588","34","5500","BOS@OAK","BOS","OAK","","","","",""
"34071-97300","P","John","John Means","Means","7","1","5500","BAL@TOR","BAL","TOR","","","","",""
"34071-79895","P","Miguel","Miguel Diaz","Diaz","11.090909090909092","11","5500","ARI@SDP","SDP","ARI","IL","Knee","","",""
"34071-82986","P","Colten","Colten Brewer","Brewer","6","1","5500","BOS@OAK","BOS","OAK","","","","",""
"34071-68661","P","Joe","Joe Biagini","Biagini","11","2","5500","BAL@TOR","TOR","BAL","","","","",""
"34071-82997","P","Gerson","Gerson Bautista","Bautista","0.8","5","5500","LAA@SEA","SEA","LAA","IL","Pectoral","","",""
"34071-82998","P","Lou","Lou Trivino","Trivino","6.75","4","5500","BOS@OAK","OAK","BOS","","","","",""
"34071-79930","P","Shane","Shane Carle","Carle","-4","1","5500","CHC@ATL","ATL","CHC","","","","",""
"34071-21565","P","Ryan","Ryan Buchter","Buchter","-0.3333333333333333","3","5500","BOS@OAK","OAK","BOS","","","","",""
"34071-58434","P","Kendall","Kendall Graveman","Graveman","15.857142857142858","7","5500","CHC@ATL","CHC","ATL","IL","Elbow","","",""
"34071-38981","P","Brandon","Brandon Workman","Workman","6","1","5500","BOS@OAK","BOS","OAK","","","","",""
"34071-38982","P","Noe","Noe Ramirez","Ramirez","15","1","5500","LAA@SEA","LAA","SEA","","","","",""
"34071-23626","P","Will","Will Harris","Harris","6","1","5500","HOU@TEX","HOU","TEX","","","","",""
"34071-5203","P","Fernando","Fernando Rodney","Rodney","1.6666666666666667","3","5500","BOS@OAK","OAK","BOS","","","","",""
"34071-79960","P","Paul","Paul Fry","Fry","6","1","5500","BAL@TOR","BAL","TOR","","","","",""
"34071-5214","P","Anthony","Anthony Swarzak","Swarzak","4.068965517241379","29","5500","LAA@SEA","SEA","LAA","IL","Shoulder","","",""
"34071-73828","P","Dan","Dan Altavilla","Altavilla","1","1","5500","LAA@SEA","SEA","LAA","","","","",""
"34071-72809","P","Austin","Austin Brice","Brice","12","1","5500","NYM@MIA","MIA","NYM","","","","",""
"34071-13421","P","Arodys","Arodys Vizcaino","Vizcaino","5.641025641025641","39","5500","CHC@ATL","ATL","CHC","","","","",""
"34071-5230","P","Joe","Joe Smith","Smith","4.428571428571429","56","5500","HOU@TEX","HOU","TEX","IL","Achilles","","",""
"34071-83055","P","Harrison","Harrison Musgrave","Musgrave","4.942857142857143","35","5500","COL@TAM","COL","TAM","","","","",""
"34071-73838","P","Yohander","Yohander Mendez","Mendez","12.75","8","5500","HOU@TEX","TEX","HOU","IL","Elbow","","",""
"34071-83054","P","Justin","Justin Anderson","Anderson","4","1","5500","LAA@SEA","LAA","SEA","","","","",""
"34071-6257","P","Pedro","Pedro Strop","Strop","-1","1","5500","CHC@ATL","CHC","ATL","","","","",""
"34071-38001","P","Matt","Matt Barnes","Barnes","9","1","5500","BOS@OAK","BOS","OAK","","","","",""
"34071-54403","P","Trevor","Trevor Gott","Gott","8","1","5500","SFG@LOS","SFG","LOS","","","","",""
"34071-11403","P","Jonny","Jonny Venters","Venters","1","1","5500","CHC@ATL","ATL","CHC","","","","",""
"34071-6290","P","Wade","Wade Davis","Davis","5.188405797101449","69","5500","COL@TAM","COL","TAM","","","","",""
"34071-12435","P","Jeanmar","Jeanmar Gomez","Gomez","0.5","2","5500","HOU@TEX","TEX","HOU","","","","",""
"34071-38036","P","T.J.","T.J. McFarland","McFarland","6.51063829787234","47","5500","ARI@SDP","ARI","SDP","IL","Shoulder","","",""
"34071-6295","P","Daniel","Daniel Hudson","Hudson","6","2","5500","BAL@TOR","TOR","BAL","","","","",""
"34071-73878","P","Matt","Matt Koch","Koch","-3","2","5500","ARI@SDP","ARI","SDP","","","","",""
"34071-6296","P","Mike","Mike Dunn","Dunn","2","2","5500","COL@TAM","COL","TAM","","","","",""
"34071-38041","P","Ryan","Ryan Pressly","Pressly","9","1","5500","HOU@TEX","HOU","TEX","","","","",""
"34071-80034","P","Jose","Jose Alvarado","Alvarado","7.5","2","5500","COL@TAM","TAM","COL","","","","",""
"34071-12452","P","Kenley","Kenley Jansen","Jansen","6","1","5500","SFG@LOS","LOS","SFG","","","","",""
"34071-12455","P","Josh","Josh Tomlin","Tomlin","-2","1","5500","CHC@ATL","ATL","CHC","","","","",""
"34071-13479","P","Joe","Joe Kelly","Kelly","-2","1","5500","SFG@LOS","LOS","SFG","","","","",""
"34071-85164","P","Matt","Matt Festa","Festa","5.5","2","5500","LAA@SEA","SEA","LAA","","","","",""
"34071-12463","P","Greg","Greg Holland","Holland","9","1","5500","ARI@SDP","ARI","SDP","","","","",""
"34071-21682","P","Aaron","Aaron Loup","Loup","3.5","2","5500","ARI@SDP","SDP","ARI","","","","",""
"34071-83145","P","Jose","Jose Castillo","Castillo","6.675675675675675","37","5500","ARI@SDP","SDP","ARI","IL","Forearm","","",""
"34071-83159","P","Diego","Diego Castillo","Castillo","9","1","5500","COL@TAM","TAM","COL","","","","",""
"34071-38106","P","Kirby","Kirby Yates","Yates","9","2","5500","ARI@SDP","SDP","ARI","","","","",""
"34071-13534","P","Javy","Javy Guerra","Guerra","12","1","5500","BAL@TOR","TOR","BAL","","","","",""
"34071-5362","P","Darren","Darren O'Day","O'Day","5.85","20","5500","CHC@ATL","ATL","CHC","IL","Forearm","","",""
"34071-13564","P","Chaz","Chaz Roe","Roe","2","2","5500","COL@TAM","TAM","COL","","","","",""
"34071-85248","P","DJ","DJ Johnson","Johnson","1","2","5500","COL@TAM","COL","TAM","","","","",""
"34071-5384","P","Shawn","Shawn Kelley","Kelley","8.5","2","5500","HOU@TEX","TEX","HOU","","","","",""
"34071-70933","P","Brock","Brock Stewart","Stewart","0.5","2","5500","SFG@LOS","LOS","SFG","","","","",""
"34071-85282","P","Brett","Brett Kennedy","Kennedy","14","6","5500","ARI@SDP","SDP","ARI","IL","Lat","","",""
"34071-12581","P","Brandon","Brandon Kintzler","Kintzler","6","1","5500","CHC@ATL","CHC","ATL","","","","",""
"34071-85289","P","Nick","Nick Anderson","Anderson","6.5","2","5500","NYM@MIA","MIA","NYM","","","","",""
"34071-38191","P","Hansel","Hansel Robles","Robles","15","1","5500","LAA@SEA","LAA","SEA","","","","",""
"34071-53551","P","Sam","Sam Tuivailala","Tuivailala","5.083333333333333","36","5500","LAA@SEA","SEA","LAA","IL","Achilles","","",""
"34071-12594","P","Jake","Jake McGee","McGee","3","1","5500","COL@TAM","COL","TAM","","","","",""
"34071-21846","P","Chris","Chris Devenski","Devenski","12","1","5500","HOU@TEX","HOU","TEX","","","","",""
"34071-38251","P","Hunter","Hunter Strickland","Strickland","2.3333333333333335","3","5500","LAA@SEA","SEA","LAA","IL","Lat","","",""
"34071-23926","P","Tony","Tony Cingrani","Cingrani","4.866666666666666","30","5500","SFG@LOS","LOS","SFG","IL","Shoulder","","",""
"34071-5498","P","Johnny","Johnny Cueto","Cueto","28.22222222222222","9","5500","SFG@LOS","SFG","LOS","IL","Elbow","","",""
"34071-71034","P","Seth","Seth Lugo","Lugo","10.5","2","5500","NYM@MIA","NYM","MIA","","","","",""
"34071-12675","P","Steve","Steve Cishek","Cishek","4","1","5500","CHC@ATL","CHC","ATL","","","","",""
"34071-38285","P","Zac","Zac Rosscup","Rosscup","6.5","4","5500","LAA@SEA","SEA","LAA","","","","",""
"34071-79258","P","Ryne","Ryne Stanek","Stanek","9","1","5500","COL@TAM","TAM","COL","","","","",""
"34071-21919","P","Matt","Matt Andriese","Andriese","13","1","5500","ARI@SDP","ARI","SDP","","","","",""
"34071-38303","P","Andrew","Andrew Chafin","Chafin","11","1","5500","ARI@SDP","ARI","SDP","","","","",""
"34071-38304","P","Archie","Archie Bradley","Bradley","3","1","5500","ARI@SDP","ARI","SDP","","","","",""
"34071-38306","P","Adam","Adam Conley","Conley","2.5","2","5500","NYM@MIA","MIA","NYM","","","","",""
"34071-65968","P","Silvino","Silvino Bracho","Bracho","5.612903225806452","31","5500","ARI@SDP","ARI","SDP","IL","Elbow","","",""
"34071-80313","P","Keynan","Keynan Middleton","Middleton","5.5625","16","5500","LAA@SEA","LAA","SEA","IL","Elbow","","",""
"34071-40382","P","Luis","Luis Garcia","Garcia","3","1","5500","LAA@SEA","LAA","SEA","","","","",""
"34071-84433","P","Tim","Tim Peterson","Peterson","5.136363636363637","22","5500","NYM@MIA","NYM","MIA","","","","",""
"34071-80345","P","Reyes","Reyes Moronta","Moronta","21","1","5500","SFG@LOS","SFG","LOS","","","","",""
"34071-101852","P","Kyle","Kyle Bird","Bird","0","1","5500","HOU@TEX","TEX","HOU","","","","",""
"34071-84452","P","Caleb","Caleb Ferguson","Ferguson","9","1","5500","SFG@LOS","LOS","SFG","","","","",""
"34071-85476","P","Jeffrey","Jeffrey Springs","Springs","7","2","5500","HOU@TEX","TEX","HOU","","","","",""
"34071-80381","P","Hector","Hector Velazquez","Velazquez","6.5","2","5500","BOS@OAK","BOS","OAK","","","","",""
"34071-52733","P","Scott","Scott Alexander","Alexander","5","1","5500","SFG@LOS","LOS","SFG","","","","",""
"34071-82430","P","Yoshihisa","Yoshihisa Hirano","Hirano","3","1","5500","ARI@SDP","ARI","SDP","","","","",""
"34071-62984","P","Nick","Nick Rumbelow","Rumbelow","-0.5","2","5500","LAA@SEA","SEA","LAA","","","","",""
"34071-85517","P","Trey","Trey Wingenter","Wingenter","3.5","2","5500","ARI@SDP","SDP","ARI","","","","",""
"34071-101906","P","Riley","Riley Ferrell","Ferrell","0","0","5500","NYM@MIA","MIA","NYM","IL","Biceps","","",""
"34071-101909","P","Travis","Travis Bergen","Bergen","0.5","2","5500","SFG@LOS","SFG","LOS","","","","",""
"34071-101908","P","Elvis","Elvis Luciano","Luciano","0","0","5500","BAL@TOR","TOR","BAL","","","","",""
"34071-71190","P","Jose","Jose Leclerc","Leclerc","3","1","5500","HOU@TEX","TEX","HOU","","","","",""
"34071-101913","P","Brandon","Brandon Brennan","Brennan","9","3","5500","LAA@SEA","SEA","LAA","","","","",""
"34071-101912","P","Kyle","Kyle Dowdy","Dowdy","0","1","5500","HOU@TEX","TEX","HOU","","","","",""
"34071-5658","P","Joakim","Joakim Soria","Soria","-2","3","5500","BOS@OAK","OAK","BOS","","","","",""
"34071-85530","P","Jacob","Jacob Nix","Nix","12.777777777777779","9","5500","ARI@SDP","SDP","ARI","IL","Elbow","","",""
"34071-5673","P","Jesse","Jesse Chavez","Chavez","-7","1","5500","HOU@TEX","TEX","HOU","","","","",""
"34071-12848","P","Hector","Hector Rondon","Rondon","9","1","5500","HOU@TEX","HOU","TEX","","","","",""
"34071-80433","P","Dinelson","Dinelson Lamet","Lamet","0","0","5500","ARI@SDP","SDP","ARI","IL","Elbow","","",""
"34071-71218","P","Dylan","Dylan Floro","Floro","12","1","5500","SFG@LOS","LOS","SFG","","","","",""
"34071-80446","P","Drew","Drew Steckenrider","Steckenrider","4.5","2","5500","NYM@MIA","MIA","NYM","","","","",""
"34071-85582","P","Chad","Chad Sobotka","Sobotka","9","1","5500","CHC@ATL","ATL","CHC","","","","",""
"34071-16982","P","Ryan","Ryan Tepera","Tepera","5.147058823529412","68","5500","BAL@TOR","TOR","BAL","IL","Elbow","","",""
"34071-80482","P","Randy","Randy Rosario","Rosario","9","1","5500","CHC@ATL","CHC","ATL","","","","",""
"34071-82534","P","Bryse","Bryse Wilson","Wilson","7","1","5500","CHC@ATL","ATL","CHC","","","","",""
"34071-21097","P","Taijuan","Taijuan Walker","Walker","18.333333333333332","3","5500","ARI@SDP","ARI","SDP","IL","Elbow","","",""
"34071-82539","P","Jalen","Jalen Beeks","Beeks","24","1","5500","COL@TAM","TAM","COL","","","","",""
"34071-5743","P","Yusmeiro","Yusmeiro Petit","Petit","3","1","5500","BOS@OAK","OAK","BOS","","","","",""
"34071-23151","P","Sam","Sam Dyson","Dyson","6","1","5500","SFG@LOS","SFG","LOS","","","","",""
"34071-17026","P","Heath","Heath Hembree","Hembree","8","2","5500","BOS@OAK","BOS","OAK","","","","",""
"34071-62087","P","Miguel","Miguel Castro","Castro","9","1","5500","BAL@TOR","BAL","TOR","","","","",""
"34071-12943","P","Shelby","Shelby Miller","Miller","9.6","5","5500","HOU@TEX","TEX","HOU","","","","",""
"34071-52879","P","Ryan","Ryan Dull","Dull","-4","1","5500","BOS@OAK","OAK","BOS","","","","",""
"34071-17054","P","Cody","Cody Allen","Allen","6","1","5500","LAA@SEA","LAA","SEA","","","","",""
"34071-81567","P","Taylor","Taylor Cole","Cole","12","18","5500","LAA@SEA","LAA","SEA","IL","Shoulder","","",""
"34071-38563","P","Yimi","Yimi Garcia","Garcia","4.5","2","5500","SFG@LOS","LOS","SFG","","","","",""
"34071-13992","P","Luis","Luis Avilan","Avilan","3.4857142857142858","70","5500","NYM@MIA","NYM","MIA","","","","",""
"34071-17065","P","Blake","Blake Treinen","Treinen","10.666666666666666","3","5500","BOS@OAK","OAK","BOS","","","","",""
"34071-80569","P","Daniel","Daniel Gossett","Gossett","14.2","5","5500","BOS@OAK","OAK","BOS","IL","Elbow","","",""
"34071-80571","P","Phil","Phil Maton","Maton","1.5","2","5500","ARI@SDP","SDP","ARI","","","","",""
"34071-80570","P","Jimmy","Jimmy Yacabonis","Yacabonis","18","1","5500","BAL@TOR","BAL","TOR","","","","",""
"34071-38596","P","Chris","Chris Martin","Martin","3.891304347826087","46","5500","HOU@TEX","TEX","HOU","","","","",""
"34071-17100","P","Jeurys","Jeurys Familia","Familia","5.5","2","5500","NYM@MIA","NYM","MIA","","","","",""
"34071-81615","P","Tim","Tim Mayza","Mayza","5","1","5500","BAL@TOR","TOR","BAL","","","","",""
"34071-13010","P","David","David Phelps","Phelps","0","0","5500","BAL@TOR","TOR","BAL","IL","Elbow","","",""
"34071-17112","P","Tyler","Tyler Thornburg","Thornburg","4.5","2","5500","BOS@OAK","BOS","OAK","","","","",""
"34071-21210","P","Mychal","Mychal Givens","Givens","12","1","5500","BAL@TOR","BAL","TOR","","","","",""
"34071-13019","P","Garrett","Garrett Richards","Richards","27.6875","16","5500","ARI@SDP","SDP","ARI","IL","Elbow","","",""
"34071-21211","P","Mike","Mike Wright","Wright","7","2","5500","BAL@TOR","BAL","TOR","","","","",""
"34071-13025","P","Pedro","Pedro Baez","Baez","2","1","5500","SFG@LOS","LOS","SFG","","","","",""
"34071-14049","P","Bryan","Bryan Shaw","Shaw","4.5","2","5500","COL@TAM","COL","TAM","","","","",""
"34071-17123","P","Chris","Chris Rusin","Rusin","4.204081632653061","49","5500","COL@TAM","COL","TAM","IL","Back","","",""
"34071-53990","P","Shawn","Shawn Armstrong","Armstrong","5.928571428571429","14","5500","LAA@SEA","SEA","LAA","IL","Oblique","","",""
"34071-81642","P","A.J.","A.J. Minter","Minter","5.369230769230769","65","5500","CHC@ATL","ATL","CHC","IL","Shoulder","","",""
"34071-52977","P","Ken","Ken Giles","Giles","10.5","2","5500","BAL@TOR","TOR","BAL","","","","",""
"34071-62196","P","Roberto","Roberto Osuna","Osuna","6","1","5500","HOU@TEX","HOU","TEX","","","","",""
"34071-84727","P","Drew","Drew Smith","Smith","4.111111111111111","27","5500","NYM@MIA","NYM","MIA","IL","Elbow","","",""
"34071-84733","P","Wes","Wes Parsons","Parsons","4","2","5500","CHC@ATL","ATL","CHC","","","","",""
"34071-84732","P","Robert","Robert Stock","Stock","2.5","2","5500","ARI@SDP","SDP","ARI","","","","",""
"34071-52998","P","Aaron","Aaron Brooks","Brooks","3.6666666666666665","3","5500","BOS@OAK","OAK","BOS","","","","Yes",""
"34071-53001","P","Roenis","Roenis Elias","Elias","5.333333333333333","3","5500","LAA@SEA","SEA","LAA","","","","",""
"34071-68370","P","Tony","Tony Barnette","Barnette","6.7272727272727275","22","5500","CHC@ATL","CHC","ATL","IL","Shoulder","","",""
"34071-13078","P","Brad","Brad Brach","Brach","6","1","5500","CHC@ATL","CHC","ATL","","","","",""
"34071-14103","P","Nick","Nick Vincent","Vincent","3","1","5500","SFG@LOS","SFG","LOS","","","","",""
"34071-13107","P","JC","JC Ramirez","Ramirez","5.5","2","5500","LAA@SEA","LAA","SEA","IL","Elbow","","",""
"34071-53045","P","Scott","Scott Oberg","Oberg","3","1","5500","COL@TAM","COL","TAM","","","","",""
"34071-53048","P","Cam","Cam Bedrosian","Bedrosian","3","1","5500","LAA@SEA","LAA","SEA","","","","",""
"34071-13118","P","Justin","Justin Wilson","Wilson","9","1","5500","NYM@MIA","NYM","MIA","","","","",""
"34071-70482","P","J.B.","J.B. Wendelken","Wendelken","8","2","5500","BOS@OAK","OAK","BOS","","","","",""
"34071-13140","P","Cory","Cory Gearrin","Gearrin","6","3","5500","LAA@SEA","SEA","LAA","","","","",""
"34071-68458","P","Seunghwan","Seunghwan Oh","Oh","3","1","5500","COL@TAM","COL","TAM","","","","",""
"34071-68465","P","Yoan","Yoan Lopez","Lopez","3","1","5500","ARI@SDP","ARI","SDP","","","","",""
"34071-15222","P","Wilmer","Wilmer Font","Font","8.68421052631579","19","5500","COL@TAM","TAM","COL","","","","",""
"34071-15225","P","Liam","Liam Hendriks","Hendriks","4","3","5500","BOS@OAK","OAK","BOS","","","","",""
"34071-82811","P","Pedro","Pedro Araujo","Araujo","5.25","20","5500","BAL@TOR","BAL","TOR","","","","",""
"34071-13184","P","Adam","Adam Warren","Warren","5.851063829787234","47","5500","ARI@SDP","SDP","ARI","","","","",""
"34071-68487","P","Tayron","Tayron Guerrero","Guerrero","7","2","5500","NYM@MIA","MIA","NYM","","","","",""
"34071-13192","P","Tony","Tony Watson","Watson","3","1","5500","SFG@LOS","SFG","LOS","","","","",""
"34071-15242","P","Xavier","Xavier Cedeno","Cedeno","3.8958333333333335","48","5500","CHC@ATL","CHC","ATL","IL","Wrist","","",""
"34071-82836","P","Julian","Julian Fernandez","Fernandez","0","0","5500","NYM@MIA","MIA","NYM","IL","Elbow","","",""
"34071-68503","P","Ty","Ty Buttrey","Buttrey","6","1","5500","LAA@SEA","LAA","SEA","","","","",""
"34071-6054","P","Mark","Mark Melancon","Melancon","6","1","5500","SFG@LOS","SFG","LOS","","","","",""
"34071-80807","P","Chasen","Chasen Bradford","Bradford","5.195652173913044","46","5500","LAA@SEA","SEA","LAA","","","","",""
"34071-68527","P","Jose","Jose De Leon","De Leon","0","0","5500","COL@TAM","TAM","COL","IL","Elbow","","",""
"34071-52146","P","Carl","Carl Edwards Jr.","Edwards Jr.","-9","1","5500","CHC@ATL","CHC","ATL","","","","",""
"34071-6067","P","Brandon","Brandon Morrow","Morrow","4.857142857142857","35","5500","CHC@ATL","CHC","ATL","IL","Elbow","","",""
"34071-70585","P","Richard","Richard Bleier","Bleier","-5","1","5500","BAL@TOR","BAL","TOR","","","","",""
"34071-52159","P","Lance","Lance McCullers Jr.","McCullers Jr.","30.32","25","5500","HOU@TEX","HOU","TEX","IL","Elbow","","",""
"34071-68542","P","Robert","Robert Gsellman","Gsellman","5.470588235294118","68","5500","NYM@MIA","NYM","MIA","","","","",""
"34071-52165","P","Sean","Sean Manaea","Manaea","27.62962962962963","27","5500","BOS@OAK","OAK","BOS","IL","Shoulder","","",""
"34071-68548","P","Edwin","Edwin Diaz","Diaz","3.5","2","5500","NYM@MIA","NYM","MIA","","","","",""
"34071-5069","P","Craig","Craig Stammen","Stammen","4","1","5500","ARI@SDP","SDP","ARI","","","","",""
"34071-80849","P","Adam","Adam Kolarek","Kolarek","1","2","5500","COL@TAM","TAM","COL","","","","",""
"34071-52177","P","Jesse","Jesse Biddle","Biddle","8","1","5500","CHC@ATL","ATL","CHC","","","","",""
"34071-13271","P","Will","Will Smith","Smith","9","1","5500","SFG@LOS","SFG","LOS","","","","",""
"34071-52185","P","Max","Max Fried","Fried","3","1","5500","CHC@ATL","ATL","CHC","","","","",""
"34071-80856","P","Luke","Luke Farrell","Farrell","8.75","20","5500","HOU@TEX","TEX","HOU","IL","Jaw","","",""
"34071-52192","P","Luke","Luke Jackson","Jackson","-9","1","5500","CHC@ATL","ATL","CHC","","","","",""
"34071-82923","P","Luke","Luke Bard","Bard","6","1","5500","LAA@SEA","LAA","SEA","","","","",""
"34071-82922","P","Tyler","Tyler Kinley","Kinley","7","2","5500","NYM@MIA","MIA","NYM","","","","",""
"34071-5107","P","Sergio","Sergio Romo","Romo","-5","2","5500","NYM@MIA","MIA","NYM","","","","",""
"34071-63476","P","Brian","Brian Johnson","Johnson","12","2","5500","BOS@OAK","BOS","OAK","","","","",""
"34071-12933","OF","Mike","Mike Trout","Trout","12.566666920979818","3","4900","LAA@SEA","LAA","SEA","","","","",""
"34071-39151","OF","Mookie","Mookie Betts","Betts","6.133333206176758","3","4800","BOS@OAK","BOS","OAK","","","","",""
"34071-13540","OF","J.D.","J.D. Martinez","Martinez","12.566666920979818","3","4700","BOS@OAK","BOS","OAK","","","","",""
"34071-13719","3B","Nolan","Nolan Arenado","Arenado","8.299999872843424","3","4700","COL@TAM","COL","TAM","","","","",""
"34071-52158","SS","Trevor","Trevor Story","Story","12.533332824707031","3","4700","COL@TAM","COL","TAM","","","","",""
"34071-14038","OF","Khris","Khris Davis","Davis","15.819999694824219","5","4600","BOS@OAK","OAK","BOS","","","","",""
"34071-21885","SS","Javier","Javier Baez","Baez","34.650001525878906","2","4500","CHC@ATL","CHC","ATL","","","","",""
"34071-52147","3B","Kris","Kris Bryant","Bryant","21.950000762939453","2","4500","CHC@ATL","CHC","ATL","","","","",""
"34071-14562","2B","Jose","Jose Altuve","Altuve","12.300000508626303","3","4400","HOU@TEX","HOU","TEX","","","","",""
"34071-16983","OF","George","George Springer","Springer","12.566666920979818","3","4400","HOU@TEX","HOU","TEX","","","","",""
"34071-12940","1B","Anthony","Anthony Rizzo","Rizzo","12.449999809265137","2","4300","CHC@ATL","CHC","ATL","","","","",""
"34071-79756","OF","Ronald","Ronald Acuna Jr.","Acuna Jr.","10.850000381469727","2","4300","CHC@ATL","ATL","CHC","","","","",""
"34071-68522","3B","Alex","Alex Bregman","Bregman","6.233333587646484","3","4300","HOU@TEX","HOU","TEX","","","","",""
"34071-13229","OF","Charlie","Charlie Blackmon","Blackmon","12.566666920979818","3","4300","COL@TAM","COL","TAM","","","","",""
"34071-11334","1B","Freddie","Freddie Freeman","Freeman","15.5","2","4200","CHC@ATL","ATL","CHC","","","","",""
"34071-79159","OF","Cody","Cody Bellinger","Bellinger","31.433334350585938","3","4200","SFG@LOS","LOS","SFG","","","","",""
"34071-13929","3B","Manny","Manny Machado","Machado","3","3","4200","ARI@SDP","SDP","ARI","","","","",""
"34071-5390","2B","Robinson","Robinson Cano","Cano","12.600000381469727","2","4100","NYM@MIA","NYM","MIA","","","","",""
"34071-68495","OF","Andrew","Andrew Benintendi","Benintendi","7.400000254313151","3","4100","BOS@OAK","BOS","OAK","","","","",""
"34071-37982","SS","Xander","Xander Bogaerts","Bogaerts","9.233333587646484","3","4000","BOS@OAK","BOS","OAK","","","","",""
"34071-6312","3B","Justin","Justin Turner","Turner","17.03333282470703","3","4000","SFG@LOS","LOS","SFG","","","","",""
"34071-53586","OF","David","David Peralta","Peralta","14.533332824707031","3","4000","ARI@SDP","ARI","SDP","","","","",""
"34071-73159","OF","Mitch","Mitch Haniger","Haniger","12.359999847412109","5","3900","LAA@SEA","SEA","LAA","","","","",""
"34071-38615","OF","Domingo","Domingo Santana","Santana","25.8","5","3900","LAA@SEA","SEA","LAA","","","","",""
"34071-68544","3B","Matt","Matt Chapman","Chapman","13.660000610351563","5","3900","BOS@OAK","OAK","BOS","","","","",""
"34071-52176","1B","Max","Max Muncy","Muncy","10.566666920979818","3","3900","SFG@LOS","LOS","SFG","","","","",""
"34071-6273","OF","Michael","Michael Brantley","Brantley","13.566666920979818","3","3800","HOU@TEX","HOU","TEX","","","","",""
"34071-5562","1B","Edwin","Edwin Encarnacion","Encarnacion","11.05999984741211","5","3800","LAA@SEA","SEA","LAA","","","","",""
"34071-52153","OF","David","David Dahl","Dahl","15.633333841959635","3","3800","COL@TAM","COL","TAM","","","","",""
"34071-6197","OF","Justin","Justin Upton","Upton","10.789655172413793","145","3700","LAA@SEA","LAA","SEA","IL","Toe","","",""
"34071-13487","OF","Tommy","Tommy Pham","Pham","12.40000025431315","3","3700","COL@TAM","TAM","COL","","","","",""
"34071-38412","SS","Corey","Corey Seager","Seager","14.699999491373697","3","3700","SFG@LOS","LOS","SFG","","","","",""
"34071-13864","OF","Joc","Joc Pederson","Pederson","34.300000508626304","3","3700","SFG@LOS","LOS","SFG","","","","",""
"34071-21584","2B","Rougned","Rougned Odor","Odor","10.850000381469727","2","3600","HOU@TEX","TEX","HOU","","","","",""
"34071-11443","1B","Justin","Justin Smoak","Smoak","13.800000508626303","3","3600","BAL@TOR","TOR","BAL","","","","",""
"34071-38321","OF","Joey","Joey Gallo","Gallo","17.450000762939453","2","3600","HOU@TEX","TEX","HOU","","","","",""
"34071-12931","OF","Wil","Wil Myers","Myers","17.46666717529297","3","3600","ARI@SDP","SDP","ARI","","","","",""
"34071-38252","OF","Stephen","Stephen Piscotty","Piscotty","10.04000015258789","5","3500","BOS@OAK","OAK","BOS","","","","",""
"34071-12970","OF","A.J.","A.J. Pollock","Pollock","18.8000005086263","3","3500","SFG@LOS","LOS","SFG","","","","",""
"34071-71466","3B","Ryon","Ryon Healy","Healy","20.08000030517578","5","3500","LAA@SEA","SEA","LAA","","","","",""
"34071-60631","OF","Kyle","Kyle Schwarber","Schwarber","17.100000381469727","2","3400","CHC@ATL","CHC","ATL","","","","",""
"34071-82440","OF","Shohei","Shohei Ohtani","Ohtani","9.923684638843202","114","3400","LAA@SEA","LAA","SEA","IL","Elbow","","",""
"34071-38614","SS","Carlos","Carlos Correa","Correa","9.922727272727272","110","3400","HOU@TEX","HOU","TEX","","","","",""
"34071-13239","3B","Eduardo","Eduardo Escobar","Escobar","3","3","3400","ARI@SDP","ARI","SDP","","","","",""
"34071-5222","OF","Shin-soo","Shin-soo Choo","Choo","10","1","3300","HOU@TEX","TEX","HOU","","","","",""
"34071-5262","OF","Adam","Adam Jones","Jones","16.46666717529297","3","3300","ARI@SDP","ARI","SDP","","","","",""
"34071-38326","OF","Nomar","Nomar Mazara","Mazara","18.700000762939453","2","3300","HOU@TEX","TEX","HOU","","","","",""
"34071-13792","2B","Kike","Kike Hernandez","Hernandez","28.149999618530273","2","3300","SFG@LOS","LOS","SFG","","","","",""
"34071-82614","1B","Pete","Pete Alonso","Alonso","15.600000381469727","2","3300","NYM@MIA","NYM","MIA","","","","",""
"34071-12113","3B","Josh","Josh Donaldson","Donaldson","3.0999999046325684","2","3300","CHC@ATL","ATL","CHC","","","","",""
"34071-13262","2B","Jurickson","Jurickson Profar","Profar","5.479999923706055","5","3300","BOS@OAK","OAK","BOS","","","","",""
"34071-52180","OF","Austin","Austin Meadows","Meadows","9.233333587646484","3","3300","COL@TAM","TAM","COL","","","","",""
"34071-68587","2B","Ozzie","Ozzie Albies","Albies","4.5","2","3300","CHC@ATL","ATL","CHC","","","","",""
"34071-21705","SS","Marcus","Marcus Semien","Semien","11.819999694824219","5","3200","BOS@OAK","OAK","BOS","","","","",""
"34071-5359","SS","Elvis","Elvis Andrus","Andrus","20.200000762939453","2","3200","HOU@TEX","TEX","HOU","","","","",""
"34071-5504","2B","Ian","Ian Kinsler","Kinsler","12.366666158040365","3","3200","ARI@SDP","SDP","ARI","","","","",""
"34071-5607","3B","Evan","Evan Longoria","Longoria","12.466667175292969","3","3200","SFG@LOS","SFG","LOS","DTD","Calf","","",""
"34071-38842","OF","Mallex","Mallex Smith","Smith","21.700000762939453","2","3200","LAA@SEA","SEA","LAA","","","","",""
"34071-60642","OF","Michael","Michael Conforto","Conforto","6.199999809265137","2","3100","NYM@MIA","NYM","MIA","","","","",""
"34071-71507","1B","Yuli","Yuli Gurriel","Gurriel","6","3","3100","HOU@TEX","HOU","TEX","","","","",""
"34071-68585","3B","Rafael","Rafael Devers","Devers","11.133333841959635","3","3100","BOS@OAK","BOS","OAK","","","","",""
"34071-5263","OF","Nick","Nick Markakis","Markakis","3.25","2","3000","CHC@ATL","ATL","CHC","","","","",""
"34071-85307","3B","Jeff","Jeff McNeil","McNeil","18.700000762939453","2","3000","NYM@MIA","NYM","MIA","","","","",""
"34071-73023","OF","Teoscar","Teoscar Hernandez","Hernandez","7.299999872843425","3","3000","BAL@TOR","TOR","BAL","","","","",""
"34071-38218","1B","Christian","Christian Walker","Walker","28.549999237060547","2","3000","ARI@SDP","ARI","SDP","","","","",""
"34071-5608","2B","Ben","Ben Zobrist","Zobrist","9.199999809265137","2","3000","CHC@ATL","CHC","ATL","","","","",""
"34071-79393","SS","Fernando","Fernando Tatis Jr.","Tatis Jr.","8.066666920979818","3","3000","ARI@SDP","SDP","ARI","","","","",""
"34071-16964","OF","Yoenis","Yoenis Cespedes","Cespedes","11.460526315789474","38","3000","NYM@MIA","NYM","MIA","IL","Heel","","",""
"34071-17097","OF","Brandon","Brandon Nimmo","Nimmo","3","2","3000","NYM@MIA","NYM","MIA","","","","",""
"34071-6029","2B","Jed","Jed Lowrie","Lowrie","10.446496659783042","157","3000","NYM@MIA","NYM","MIA","IL","Knee","","",""
"34071-52175","1B","Matt","Matt Olson","Olson","4.599999904632568","2","3000","BOS@OAK","OAK","BOS","IL","Hand","","",""
"34071-52187","1B","Ji-Man","Ji-Man Choi","Choi","7.333333333333333","3","3000","COL@TAM","TAM","COL","","","","",""
"34071-5094","1B","Daniel","Daniel Murphy","Murphy","3.0999999046325684","2","3000","COL@TAM","COL","TAM","DTD","Finger","","",""
"34071-5114","OF","Curtis","Curtis Granderson","Granderson","17.350000381469727","2","3000","NYM@MIA","MIA","NYM","","","","",""
"34071-5221","3B","Asdrubal","Asdrubal Cabrera","Cabrera","18.700000762939453","2","2900","HOU@TEX","TEX","HOU","","","","",""
"34071-53401","OF","Trey","Trey Mancini","Mancini","10.850000381469727","2","2900","BAL@TOR","BAL","TOR","","","","",""
"34071-12462","1B","Mitch","Mitch Moreland","Moreland","12.633333841959635","3","2900","BOS@OAK","BOS","OAK","","","","",""
"34071-13691","OF","Ender","Ender Inciarte","Inciarte","12.199999809265137","2","2900","CHC@ATL","ATL","CHC","","","","",""
"34071-21887","C","Willson","Willson Contreras","Contreras","17.200000762939453","2","2900","CHC@ATL","CHC","ATL","","","","",""
"34071-13909","OF","Randal","Randal Grichuk","Grichuk","3.066666603088379","3","2900","BAL@TOR","TOR","BAL","","","","",""
"34071-11326","SS","Tim","Tim Beckham","Beckham","22.480000305175782","5","2800","LAA@SEA","SEA","LAA","","","","",""
"34071-38276","OF","Albert","Albert Almora Jr.","Almora Jr.","7.849999904632568","2","2800","CHC@ATL","CHC","ATL","","","","",""
"34071-5532","1B","Steve","Steve Pearce","Pearce","9.092105263157896","76","2800","BOS@OAK","BOS","OAK","IL","Calf","","",""
"34071-13924","OF","Kole","Kole Calhoun","Calhoun","8.299999872843424","3","2800","LAA@SEA","LAA","SEA","","","","",""
"34071-17014","SS","Andrelton","Andrelton Simmons","Simmons","7.5","3","2800","LAA@SEA","LAA","SEA","","","","",""
"34071-38561","2B","Chris","Chris Taylor","Taylor","1","3","2800","SFG@LOS","LOS","SFG","","","","",""
"34071-12168","2B","Starlin","Starlin Castro","Castro","3.066666603088379","3","2800","NYM@MIA","MIA","NYM","","","","",""
"34071-68531","3B","Brian","Brian Anderson","Anderson","2","3","2800","NYM@MIA","MIA","NYM","","","","",""
"34071-73832","2B","Joey","Joey Wendle","Wendle","2","3","2700","COL@TAM","TAM","COL","","","","",""
"34071-83051","3B","David","David Bote","Bote","10.699999809265137","2","2700","CHC@ATL","CHC","ATL","","","","",""
"34071-13430","2B","Jonathan","Jonathan Villar","Villar","3","2","2700","BAL@TOR","BAL","TOR","","","","",""
"34071-6292","C","Buster","Buster Posey","Posey","4","3","2700","SFG@LOS","SFG","LOS","","","","",""
"34071-6319","OF","Ian","Ian Desmond","Desmond","5.333333333333333","3","2700","COL@TAM","COL","TAM","","","","",""
"34071-79120","3B","Yandy","Yandy Diaz","Diaz","13.300000508626303","3","2700","COL@TAM","TAM","COL","","","","",""
"34071-12585","OF","Mark","Mark Trumbo","Trumbo","9.002222357855903","90","2700","BAL@TOR","BAL","TOR","IL","Knee","","",""
"34071-12928","1B","Eric","Eric Hosmer","Hosmer","8.40000025431315","3","2700","ARI@SDP","SDP","ARI","","","","",""
"34071-14004","1B","Justin","Justin Bour","Bour","4.166666666666667","3","2700","LAA@SEA","LAA","SEA","","","","",""
"34071-54068","OF","Hunter","Hunter Renfroe","Renfroe","1.5","2","2700","ARI@SDP","SDP","ARI","","","","",""
"34071-6005","OF","Matt","Matt Joyce","Joyce","11.100000381469727","2","2700","CHC@ATL","ATL","CHC","","","","",""
"34071-5279","1B","Kendrys","Kendrys Morales","Morales","6.099999904632568","2","2600","BOS@OAK","OAK","BOS","","","","",""
"34071-84133","OF","Franmil","Franmil Reyes","Reyes","1.1666666666666667","3","2600","ARI@SDP","SDP","ARI","","","","",""
"34071-12577","OF","Jarrod","Jarrod Dyson","Dyson","16.950000762939453","2","2600","ARI@SDP","ARI","SDP","","","","",""
"34071-13638","2B","Wilmer","Wilmer Flores","Flores","4.599999904632568","2","2600","ARI@SDP","ARI","SDP","","","","",""
"34071-79238","OF","Steven","Steven Duggar","Duggar","9.066666920979818","3","2600","SFG@LOS","SFG","LOS","","","","",""
"34071-38297","C","Austin","Austin Barnes","Barnes","20.766666412353516","3","2600","SFG@LOS","LOS","SFG","","","","",""
"34071-85504","2B","Brandon","Brandon Lowe","Lowe","0","2","2600","COL@TAM","TAM","COL","","","","",""
"34071-13854","OF","Robbie","Robbie Grossman","Grossman","6.1200000762939455","5","2600","BOS@OAK","OAK","BOS","","","","",""
"34071-12900","1B","Brandon","Brandon Belt","Belt","2","3","2600","SFG@LOS","SFG","LOS","","","","",""
"34071-52878","OF","Billy","Billy McKinney","McKinney","7.849999904632568","2","2600","BAL@TOR","TOR","BAL","","","","",""
"34071-12123","C","Wilson","Wilson Ramos","Ramos","15.800000190734863","2","2600","NYM@MIA","NYM","MIA","","","","",""
"34071-68499","OF","Johan","Johan Camargo","Camargo","0","2","2600","CHC@ATL","ATL","CHC","","","","",""
"34071-68514","2B","Ryan","Ryan McMahon","McMahon","12.366666158040365","3","2600","COL@TAM","COL","TAM","","","","",""
"34071-68627","1B","Tyler","Tyler White","White","3","3","2500","HOU@TEX","HOU","TEX","","","","",""
"34071-5177","1B","Albert","Albert Pujols","Pujols","4","3","2500","LAA@SEA","LAA","SEA","","","","",""
"34071-6276","1B","Neil","Neil Walker","Walker","7.233333587646484","3","2500","NYM@MIA","MIA","NYM","","","","",""
"34071-83155","OF","Ramon","Ramon Laureano","Laureano","1.2","5","2500","BOS@OAK","OAK","BOS","","","","",""
"34071-79176","SS","JT","JT Riddle","Riddle","6.233333587646484","3","2500","NYM@MIA","MIA","NYM","","","","",""
"34071-79272","2B","Lourdes","Lourdes Gurriel Jr.","Gurriel Jr.","1.5","2","2500","BAL@TOR","TOR","BAL","","","","",""
"34071-12863","3B","Todd","Todd Frazier","Frazier","9.376522163722827","115","2500","NYM@MIA","NYM","MIA","IL","Oblique","","",""
"34071-53844","3B","Matt","Matt Duffy","Duffy","8.55151552142519","132","2500","COL@TAM","TAM","COL","IL","Hamstring","","",""
"34071-12935","2B","Dee","Dee Gordon","Gordon","9.419999694824218","5","2500","LAA@SEA","SEA","LAA","","","","",""
"34071-12985","OF","Avisail","Avisail Garcia","Garcia","1.5","2","2500","COL@TAM","TAM","COL","","","","",""
"34071-82655","C","Danny","Danny Jansen","Jansen","1.5","2","2500","BAL@TOR","TOR","BAL","","","","",""
"34071-5857","OF","Jay","Jay Bruce","Bruce","10.819999694824219","5","2500","LAA@SEA","SEA","LAA","","","","",""
"34071-11129","OF","Jason","Jason Heyward","Heyward","8.100000381469727","2","2500","CHC@ATL","CHC","ATL","","","","",""
"34071-5189","OF","Josh","Josh Reddick","Reddick","4.5","2","2400","HOU@TEX","HOU","TEX","","","","",""
"34071-21612","SS","Nick","Nick Ahmed","Ahmed","10.299999872843424","3","2400","ARI@SDP","ARI","SDP","","","","",""
"34071-12505","3B","Eduardo","Eduardo Nunez","Nunez","6.133333206176758","3","2400","BOS@OAK","BOS","OAK","","","","",""
"34071-38196","1B","Jake","Jake Lamb","Lamb","4.5","2","2400","ARI@SDP","ARI","SDP","","","","",""
"34071-5474","1B","Mark","Mark Reynolds","Reynolds","0","1","2400","COL@TAM","COL","TAM","","","","",""
"34071-13685","2B","Brock","Brock Holt","Holt","3","1","2400","BOS@OAK","BOS","OAK","","","","",""
"34071-38324","C","Jorge","Jorge Alfaro","Alfaro","10.850000381469727","2","2400","NYM@MIA","MIA","NYM","","","","",""
"34071-13794","OF","Delino","Delino DeShields","DeShields","3","2","2400","HOU@TEX","TEX","HOU","","","","",""
"34071-52713","1B","Peter","Peter O'Brien","O'Brien","8.48181845925071","22","2400","NYM@MIA","MIA","NYM","","","","",""
"34071-12988","C","Robinson","Robinson Chirinos","Chirinos","6.066666920979817","3","2400","HOU@TEX","HOU","TEX","","","","",""
"34071-13034","SS","Charlie","Charlie Culberson","Culberson","22.200000762939453","1","2400","CHC@ATL","ATL","CHC","","","","",""
"34071-53007","3B","Daniel","Daniel Robertson","Robertson","0","2","2400","COL@TAM","TAM","COL","","","","",""
"34071-13102","SS","Freddy","Freddy Galvis","Galvis","7.400000254313151","3","2400","BAL@TOR","TOR","BAL","DTD","Back","","",""
"34071-68489","OF","Dwight","Dwight Smith Jr.","Smith Jr.","10.850000381469727","2","2400","BAL@TOR","BAL","TOR","","","","",""
"34071-68586","SS","Dansby","Dansby Swanson","Swanson","20.299999237060547","2","2400","CHC@ATL","ATL","CHC","","","","",""
"34071-68589","SS","Amed","Amed Rosario","Rosario","6.099999904632568","2","2400","NYM@MIA","NYM","MIA","","","","",""
"34071-5122","C","Alex","Alex Avila","Avila","16.950000762939453","2","2300","ARI@SDP","ARI","SDP","","","","",""
"34071-13390","SS","Miguel","Miguel Rojas","Rojas","10.566666920979818","3","2300","NYM@MIA","MIA","NYM","","","","",""
"34071-21637","OF","Jackie","Jackie Bradley Jr.","Bradley Jr.","7.233333587646484","3","2300","BOS@OAK","BOS","OAK","","","","",""
"34071-21666","OF","Mark","Mark Canha","Canha","14.100000381469727","2","2300","BOS@OAK","OAK","BOS","","","","",""
"34071-38127","C","Tony","Tony Wolters","Wolters","15.699999809265137","1","2300","COL@TAM","COL","TAM","","","","",""
"34071-38136","SS","Addison","Addison Russell","Russell","6.756923264723557","130","2300","CHC@ATL","CHC","ATL","NA","Suspension","","",""
"34071-21853","OF","Ketel","Ketel Marte","Marte","3.3333333333333335","3","2300","ARI@SDP","ARI","SDP","","","","",""
"34071-12660","2B","Daniel","Daniel Descalso","Descalso","0","1","2300","CHC@ATL","CHC","ATL","","","","",""
"34071-13710","3B","Yangervis","Yangervis Solarte","Solarte","7.233333587646484","3","2300","SFG@LOS","SFG","LOS","","","","",""
"34071-79277","1B","Rowdy","Rowdy Tellez","Tellez","3","2","2300","BAL@TOR","TOR","BAL","","","","",""
"34071-13858","C","Christian","Christian Vazquez","Vazquez","12.533332824707031","3","2300","BOS@OAK","BOS","OAK","","","","",""
"34071-17025","2B","Joe","Joe Panik","Panik","3.1666666666666665","3","2300","SFG@LOS","SFG","LOS","","","","",""
"34071-70277","C","Kevan","Kevan Smith","Smith","7.4365386962890625","52","2300","LAA@SEA","LAA","SEA","","","","",""
"34071-13961","OF","Kevin","Kevin Kiermaier","Kiermaier","6.299999872843425","3","2300","COL@TAM","TAM","COL","","","","",""
"34071-12961","SS","Brandon","Brandon Crawford","Crawford","3","3","2300","SFG@LOS","SFG","LOS","","","","",""
"34071-5084","C","Chris","Chris Iannetta","Iannetta","10.850000381469727","2","2300","COL@TAM","COL","TAM","","","","",""
"34071-5146","OF","Hunter","Hunter Pence","Pence","6.199999809265137","1","2200","HOU@TEX","TEX","HOU","","","","",""
"34071-82977","C","Isiah","Isiah Kiner-Falefa","Kiner-Falefa","12.199999809265137","1","2200","HOU@TEX","TEX","HOU","","","","",""
"34071-11338","3B","Zack","Zack Cozart","Cozart","4.066666603088379","3","2200","LAA@SEA","LAA","SEA","","","","",""
"34071-5243","C","Brian","Brian McCann","McCann","6","1","2200","CHC@ATL","ATL","CHC","","","","",""
"34071-54401","OF","Manuel","Manuel Margot","Margot","6.400000254313151","3","2200","ARI@SDP","SDP","ARI","","","","",""
"34071-81046","OF","Garrett","Garrett Cooper","Cooper","0","3","2200","NYM@MIA","MIA","NYM","IL","Calf","","",""
"34071-60655","SS","Willy","Willy Adames","Adames","0","2","2200","COL@TAM","TAM","COL","","","","",""
"34071-5366","2B","Dustin","Dustin Pedroia","Pedroia","4.066666603088379","3","2200","BOS@OAK","BOS","OAK","IL","Knee","","",""
"34071-85320","C","Michael","Michael Perez","Perez","15.699999809265137","1","2200","COL@TAM","TAM","COL","","","","",""
"34071-71217","C","Omar","Omar Narvaez","Narvaez","9.299999872843424","3","2200","LAA@SEA","SEA","LAA","","","","",""
"34071-82536","OF","Cedric","Cedric Mullins","Mullins","4.599999904632568","2","2200","BAL@TOR","BAL","TOR","","","","",""
"34071-21172","3B","Brandon","Brandon Drury","Drury","7.066666920979817","3","2200","BAL@TOR","TOR","BAL","","","","",""
"34071-13099","C","Travis","Travis d'Arnaud","d'Arnaud","8.675000190734863","4","2200","NYM@MIA","NYM","MIA","IL","Elbow","","",""
"34071-68478","OF","Chad","Chad Pinder","Pinder","5.425000190734863","4","2200","BOS@OAK","OAK","BOS","","","","",""
"34071-13201","C","Jesus","Jesus Sucre","Sucre","12.850000381469727","2","2200","BAL@TOR","BAL","TOR","","","","",""
"34071-52170","1B","Dominic","Dominic Smith","Smith","8.100000381469727","2","2200","NYM@MIA","NYM","MIA","","","","",""
"34071-81883","C","David","David Freitas","Freitas","9.699999809265137","1","2200","LAA@SEA","SEA","LAA","","","","",""
"34071-52197","OF","Brian","Brian Goodwin","Goodwin","6.199999809265137","2","2200","LAA@SEA","LAA","SEA","","","","",""
"34071-6282","C","Tyler","Tyler Flowers","Flowers","12.199999809265137","1","2100","CHC@ATL","ATL","CHC","","","","",""
"34071-5299","C","Russell","Russell Martin","Martin","7.599999904632568","2","2100","SFG@LOS","LOS","SFG","","","","",""
"34071-60635","OF","Raimel","Raimel Tapia","Tapia","0","3","2100","COL@TAM","COL","TAM","","","","",""
"34071-5399","OF","Martin","Martin Prado","Prado","6.299999872843425","3","2100","NYM@MIA","MIA","NYM","","","","",""
"34071-79160","OF","Alex","Alex Verdugo","Verdugo","5.233333269755046","3","2100","SFG@LOS","LOS","SFG","","","","",""
"34071-38299","OF","Kevin","Kevin Pillar","Pillar","0","3","2100","BAL@TOR","TOR","BAL","","","","",""
"34071-79262","1B","Ronald","Ronald Guzman","Guzman","6.099999904632568","2","2100","HOU@TEX","TEX","HOU","","","","",""
"34071-53725","3B","Renato","Renato Nunez","Nunez","0","2","2100","BAL@TOR","BAL","TOR","","","","",""
"34071-72261","OF","Guillermo","Guillermo Heredia","Heredia","0","1","2100","COL@TAM","TAM","COL","","","","",""
"34071-80459","OF","Franchy","Franchy Cordero","Cordero","1","3","2100","ARI@SDP","SDP","ARI","","","","",""
"34071-82563","2B","Garrett","Garrett Hampson","Hampson","3.0999999046325684","2","2100","COL@TAM","COL","TAM","","","","",""
"34071-38599","OF","Lewis","Lewis Brinson","Brinson","5.133333206176758","3","2100","NYM@MIA","MIA","NYM","","","","",""
"34071-13072","2B","Logan","Logan Forsythe","Forsythe","5.7241668701171875","120","2100","HOU@TEX","TEX","HOU","","","","",""
"34071-54049","SS","Aledmys","Aledmys Diaz","Diaz","0","2","2100","HOU@TEX","HOU","TEX","","","","",""
"34071-17198","2B","Tommy","Tommy La Stella","La Stella","2","3","2100","LAA@SEA","LAA","SEA","","","","",""
"34071-5945","3B","David","David Freese","Freese","6.099999904632568","2","2100","SFG@LOS","LOS","SFG","","","","",""
"34071-68496","1B","Sam","Sam Travis","Travis","6","1","2100","BOS@OAK","BOS","OAK","","","","",""
"34071-68509","OF","Mark","Mark Zagunis","Zagunis","12.699999809265137","1","2100","CHC@ATL","CHC","ATL","","","","",""
"34071-68525","3B","J.D.","J.D. Davis","Davis","13.199999809265137","1","2100","NYM@MIA","NYM","MIA","","","","",""
"34071-12237","C","Jonathan","Jonathan Lucroy","Lucroy","4.066666603088379","3","2100","LAA@SEA","LAA","SEA","","","","",""
"34071-38955","OF","Joey","Joey Rickard","Rickard","3.0999999046325684","2","2000","BAL@TOR","BAL","TOR","","","","",""
"34071-13359","C","Chris","Chris Herrmann","Herrmann","4.713888804117839","36","2000","BOS@OAK","OAK","BOS","IL","Knee","","",""
"34071-37983","C","Mike","Mike Zunino","Zunino","1.600000023841858","2","2000","COL@TAM","TAM","COL","","","","",""
"34071-82021","C","Tomas","Tomas Nido","Nido","3.985294117647059","34","2000","NYM@MIA","NYM","MIA","","","","",""
"34071-13422","OF","Jake","Jake Marisnick","Marisnick","4.599999904632568","2","2000","HOU@TEX","HOU","TEX","","","","",""
"34071-38004","C","Austin","Austin Hedges","Hedges","4.5","2","2000","ARI@SDP","SDP","ARI","","","","",""
"34071-13436","C","Max","Max Stassi","Stassi","0","1","2000","HOU@TEX","HOU","TEX","","","","",""
"34071-12428","C","Erik","Erik Kratz","Kratz","6","1","2000","SFG@LOS","SFG","LOS","","","","",""
"34071-73871","C","Carson","Carson Kelly","Kelly","4.75","2","2000","ARI@SDP","ARI","SDP","","","","",""
"34071-5282","C","Jeff","Jeff Mathis","Mathis","0","1","2000","HOU@TEX","TEX","HOU","","","","",""
"34071-12475","OF","Peter","Peter Bourjos","Bourjos","0","2","2000","LAA@SEA","LAA","SEA","","","","",""
"34071-83191","C","Austin","Austin Wynns","Wynns","5.4928570701962425","42","2000","BAL@TOR","BAL","TOR","IL","Oblique","","",""
"34071-5373","OF","Ichiro","Ichiro Suzuki","Suzuki","1.5","2","2000","LAA@SEA","SEA","LAA","","","","",""
"34071-79113","C","Francisco","Francisco Mejia","Mejia","0","1","2000","ARI@SDP","SDP","ARI","","","","",""
"34071-13593","OF","Keon","Keon Broxton","Broxton","0","2","2000","NYM@MIA","NYM","MIA","","","","",""
"34071-79156","2B","David","David Fletcher","Fletcher","3.0999999046325684","2","2000","LAA@SEA","LAA","SEA","","","","",""
"34071-21815","OF","Socrates","Socrates Brito","Brito","2.4624999364217124","24","2000","ARI@SDP","SDP","ARI","","","","",""
"34071-38223","OF","Travis","Travis Jankowski","Jankowski","7.021367521367521","117","2000","ARI@SDP","SDP","ARI","IL","Wrist","","",""
"34071-5473","OF","Gerardo","Gerardo Parra","Parra","4","3","2000","SFG@LOS","SFG","LOS","","","","",""
"34071-79204","SS","Richie","Richie Martin","Martin","6.099999904632568","2","2000","BAL@TOR","BAL","TOR","","","","",""
"34071-38247","SS","Hanser","Hanser Alberto","Alberto","3","1","2000","BAL@TOR","BAL","TOR","","","","",""
"34071-38249","OF","Steven","Steven Souza Jr.","Souza Jr.","7.843055725097656","72","2000","ARI@SDP","ARI","SDP","IL","Knee","","",""
"34071-101753","3B","Dylan","Dylan Moore","Moore","2.4","5","2000","LAA@SEA","SEA","LAA","","","","",""
"34071-79236","2B","Drew","Drew Jackson","Jackson","0","2","2000","BAL@TOR","BAL","TOR","","","","",""
"34071-38282","1B","Daniel","Daniel Vogelbach","Vogelbach","1.5","2","2000","LAA@SEA","SEA","LAA","","","","",""
"34071-101796","OF","Braden","Braden Bishop","Bishop","0","1","2000","LAA@SEA","SEA","LAA","","","","",""
"34071-79271","SS","Richard","Richard Urena","Urena","3","1","2000","BAL@TOR","TOR","BAL","","","","",""
"34071-65991","C","Pedro","Pedro Severino","Severino","4.432856968470982","70","2000","BAL@TOR","BAL","TOR","","","","",""
"34071-101848","OF","Scott","Scott Heineman","Heineman","0","0","2000","HOU@TEX","TEX","HOU","IL","Shoulder","","",""
"34071-84471","OF","Nick","Nick Martini","Martini","7.5763638583096595","55","2000","BOS@OAK","OAK","BOS","IL","Knee","","",""
"34071-96764","OF","Jonathan","Jonathan Davis","Davis","2.5799999237060547","20","2000","BAL@TOR","TOR","BAL","IL","Ankle","","",""
"34071-101910","1B","Connor","Connor Joe","Joe","1","3","2000","SFG@LOS","SFG","LOS","","","","",""
"34071-53837","3B","Marco","Marco Hernandez","Hernandez","0","0","2000","BOS@OAK","BOS","OAK","IL","Shoulder","","",""
"34071-13917","OF","Juan","Juan Lagares","Lagares","0","2","2000","NYM@MIA","NYM","MIA","","","","",""
"34071-13966","3B","Kyle","Kyle Seager","Seager","8.460645318800402","155","2000","LAA@SEA","SEA","LAA","IL","Hand","","",""
"34071-82581","OF","Michael","Michael Hermosillo","Hermosillo","3.1580645653509323","31","2000","LAA@SEA","LAA","SEA","IL","Groin","","",""
"34071-21166","OF","Michael","Michael Reed","Reed","0","3","2000","SFG@LOS","SFG","LOS","","","","",""
"34071-82616","SS","Luis","Luis Guillorme","Guillorme","3.0085715157645088","35","2000","NYM@MIA","NYM","MIA","","","","",""
"34071-14018","C","John Ryan","John Ryan Murphy","Murphy","0","2","2000","ARI@SDP","ARI","SDP","","","","",""
"34071-38595","C","Blake","Blake Swihart","Swihart","3.0999999046325684","2","2000","BOS@OAK","BOS","OAK","","","","",""
"34071-17145","3B","Greg","Greg Garcia","Garcia","6","1","2000","ARI@SDP","SDP","ARI","","","","",""
"34071-17151","OF","Dalton","Dalton Pompey","Pompey","1.8","5","2000","BAL@TOR","TOR","BAL","IL","Concussion","","",""
"34071-52995","C","Luke","Luke Maile","Maile","6.199999809265137","1","2000","BAL@TOR","TOR","BAL","","","","",""
"34071-5904","1B","Chris","Chris Davis","Davis","0","1","2000","BAL@TOR","BAL","TOR","","","","",""
"34071-68471","OF","Tony","Tony Kemp","Kemp","6.099999904632568","2","2000","HOU@TEX","HOU","TEX","","","","",""
"34071-5037","C","Nick","Nick Hundley","Hundley","1","3","2000","BOS@OAK","OAK","BOS","","","","",""
"34071-13238","C","Josh","Josh Phegley","Phegley","1.5499999523162842","4","2000","BOS@OAK","OAK","BOS","","","","",""
"34071-68538","SS","Franklin","Franklin Barreto","Barreto","0","1","2000","BOS@OAK","OAK","BOS","","","","",""
"34071-52156","OF","Rosell","Rosell Herrera","Herrera","4.166666666666667","3","2000","NYM@MIA","MIA","NYM","","","","",""
"34071-52157","C","Tom","Tom Murphy","Murphy","9","1","2000","LAA@SEA","SEA","LAA","","","","",""
"34071-52161","3B","Rio","Rio Ruiz","Ruiz","7.849999904632568","2","2000","BAL@TOR","BAL","TOR","","","","",""
"34071-81869","C","Chad","Chad Wallach","Wallach","15.199999809265137","1","2000","NYM@MIA","MIA","NYM","","","","",""
"34071-80848","C","Victor","Victor Caratini","Caratini","4.653947529039885","76","2000","CHC@ATL","CHC","ATL","","","","",""
"34071-38867","2B","Devon","Devon Travis","Travis","7.516504972883799","103","2000","BAL@TOR","TOR","BAL","IL","Knee","","",""
"34071-80852","2B","Ildemaro","Ildemaro Vargas","Vargas","0","2","2000","ARI@SDP","ARI","SDP","","","","",""
"34071-5104","3B","Pablo","Pablo Sandoval","Sandoval","2","3","2000","SFG@LOS","SFG","LOS","","","","",""
"34071-103223","P","David","David McKay","McKay","0","0","0","LAA@SEA","SEA","LAA","","","","",""